{
  "timestamp": "2026-03-16 06:57:44.495868",
  "test_shape": [
    284400,
    225
  ],
  "n_attacks": 11384,
  "attack_rate": 0.040028129395218,
  "models_active": [
    "LSTM-haiend(225)",
    "LSTM-38feat",
    "PhysicsResidual",
    "IsoForest",
    "Z-score"
  ],
  "metrics": {
    "LSTM_haiend_raw": {
      "f1": 0.6874161772187023,
      "precision": 0.7258521339974607,
      "recall": 0.6528460997891778,
      "roc_auc": 0.8606593414846442,
      "threshold": 0.00807700348272323,
      "tp": 7432,
      "fp": 2807,
      "tn": 270209,
      "fn": 3952
    },
    "LSTM_haiend_ns": {
      "f1": 0.27088137690533776,
      "precision": 0.19922230495573756,
      "recall": 0.4230498945888967,
      "roc_auc": 0.7197183907024073,
      "threshold": 0.9727956333756387,
      "tp": 4816,
      "fp": 19358,
      "tn": 253658,
      "fn": 6568
    },
    "Physics_raw": {
      "f1": 0.08064889918887601,
      "precision": 0.07197021921963326,
      "recall": 0.09170765987350668,
      "roc_auc": 0.510909538672936,
      "threshold": 1.0242947340011597,
      "tp": 1044,
      "fp": 13462,
      "tn": 259554,
      "fn": 10340
    },
    "Zscore_raw": {
      "f1": 0.2154632587859425,
      "precision": 0.3952180028129395,
      "recall": 0.14810260014054813,
      "roc_auc": 0.6775639826367534,
      "threshold": 0.1430058582126924,
      "tp": 1686,
      "fp": 2580,
      "tn": 270436,
      "fn": 9698
    },
    "DT_combined": {
      "f1": 0.28101157308186886,
      "precision": 0.2082503917665495,
      "recall": 0.4319219957835559,
      "roc_auc": 0.720378281199997,
      "threshold": 0.755299985408783,
      "tp": 4917,
      "fp": 18694,
      "tn": 254322,
      "fn": 6467
    },
    "DT_binary": {
      "f1": 0.6873843877173511,
      "precision": 0.72578125,
      "recall": 0.6528460997891778,
      "roc_auc": 0.8606593414846442
    }
  },
  "best_layer": "LSTM_haiend_raw",
  "best_f1": 0.6874161772187023
}