{
  "model_type": "Ensemble_Transformer_LSTM",
  "lstm_pkg_path": "outputs\\models\\haiend_lstm_detection.joblib",
  "tr_pkg_path": "outputs\\models\\transformer_ae_detection.joblib",
  "best_strategy": "max_norm",
  "lstm_weight": null,
  "threshold": 0.7328022997357861,
  "best_f1": 0.6998103870878232,
  "baseline_lstm_f1": 0.6886306120536133,
  "all_metrics": {
    "LSTM_AE_alone": {
      "f1": 0.6886306120536133,
      "precision": 0.7380952380952381,
      "recall": 0.6453794799718904,
      "roc_auc": 0.8650449589138034,
      "threshold": 0.007676558503879513,
      "tp": 7347,
      "fp": 2607,
      "tn": 270409,
      "fn": 4037
    },
    "Transformer_alone": {
      "f1": 0.679521601171589,
      "precision": 0.7647511262498626,
      "recall": 0.6113843991567112,
      "roc_auc": 0.8886350717971507,
      "threshold": 0.0011088374629600085,
      "tp": 6960,
      "fp": 2141,
      "tn": 270875,
      "fn": 4424
    },
    "avg_norm_50_50": {
      "f1": 0.6969430698792952,
      "precision": 0.7359117101279422,
      "recall": 0.6618938861560084,
      "roc_auc": 0.8761090353326269,
      "threshold": 0.5512167253479507,
      "tp": 7535,
      "fp": 2704,
      "tn": 270312,
      "fn": 3849
    },
    "max_norm": {
      "f1": 0.6998103870878232,
      "precision": 0.738939349545854,
      "recall": 0.6646170063246662,
      "roc_auc": 0.8730182179956,
      "threshold": 0.7328022997357861,
      "tp": 7566,
      "fp": 2673,
      "tn": 270343,
      "fn": 3818
    },
    "weighted_lstm3": {
      "f1": 0.6888952218105823,
      "precision": 0.7499482936918304,
      "recall": 0.6370344342937456,
      "roc_auc": 0.8790207374937867,
      "threshold": 0.6131510688064092,
      "tp": 7252,
      "fp": 2418,
      "tn": 270598,
      "fn": 4132
    },
    "weighted_lstm4": {
      "f1": 0.6944457290847709,
      "precision": 0.7332747338607286,
      "recall": 0.6595221363316937,
      "roc_auc": 0.8773941858547732,
      "threshold": 0.5318130726803321,
      "tp": 7508,
      "fp": 2731,
      "tn": 270285,
      "fn": 3876
    },
    "weighted_lstm5": {
      "f1": 0.6969430698792952,
      "precision": 0.7359117101279422,
      "recall": 0.6618938861560084,
      "roc_auc": 0.8761090353326269,
      "threshold": 0.5512167253479507,
      "tp": 7535,
      "fp": 2704,
      "tn": 270312,
      "fn": 3849
    },
    "weighted_lstm6": {
      "f1": 0.6991283156809448,
      "precision": 0.7493469961824393,
      "recall": 0.6552178496134926,
      "roc_auc": 0.8748867032182979,
      "threshold": 0.6372912541026449,
      "tp": 7459,
      "fp": 2495,
      "tn": 270521,
      "fn": 3925
    },
    "weighted_lstm7": {
      "f1": 0.6994095041709626,
      "precision": 0.749648382559775,
      "recall": 0.6554813773717498,
      "roc_auc": 0.8733316169876477,
      "threshold": 0.6609984138557735,
      "tp": 7462,
      "fp": 2492,
      "tn": 270524,
      "fn": 3922
    },
    "weighted_lstm8": {
      "f1": 0.6943155724260743,
      "precision": 0.7441486690105474,
      "recall": 0.6507378777231202,
      "roc_auc": 0.8713905428095761,
      "threshold": 0.6653563547134379,
      "tp": 7408,
      "fp": 2547,
      "tn": 270469,
      "fn": 3976
    },
    "hard_or": {
      "f1": 0.698127889412734,
      "precision": 0.7288540571537799,
      "recall": 0.6698875614898102,
      "roc_auc": 0.8761090353326269,
      "tp": 7626,
      "fp": 2837,
      "fn": 3758
    },
    "hard_and": {
      "f1": 0.6689026832198638,
      "precision": 0.7775837988826816,
      "recall": 0.5868763176387913,
      "roc_auc": 0.8761090353326269,
      "tp": 6681,
      "fp": 1911,
      "fn": 4703
    }
  },
  "timestamp": "2026-03-18 16:36:10.684022"
}