{
  "run_timestamp": "2026-03-18 16:36:10.686150",
  "elapsed_seconds": 299.1,
  "dataset_version": "hai-23.05",
  "train_shape": [
    200000,
    88
  ],
  "test_shape": [
    50000,
    88
  ],
  "best_model": "Ensemble(Transformer+LSTM, strategy=max_norm)",
  "metrics": {
    "f1": 0.6998103870878232,
    "precision": 0.738939349545854,
    "recall": 0.6646170063246662,
    "roc_auc": 0.8730182179956,
    "threshold": 0.7328022997357861,
    "tp": 7566.0,
    "fp": 2673.0,
    "tn": 270343.0,
    "fn": 3818.0
  },
  "all_model_metrics": {
    "LSTM_AE_raw": {
      "f1": 0.38558766455131904,
      "precision": 0.342144452717796,
      "recall": 0.44166766790820616,
      "roc_auc": 0.8020183710902878,
      "threshold": 0.029456292152400948,
      "tp": 18380,
      "fp": 35340,
      "tn": 1415250,
      "fn": 23235
    },
    "LSTM_AE_ewm10": {
      "f1": 0.3876900781091824,
      "precision": 0.34829976257945927,
      "recall": 0.4371260362849934,
      "roc_auc": 0.7992040248494363,
      "threshold": 0.029971363080098665,
      "tp": 18191,
      "fp": 34037,
      "tn": 1416553,
      "fn": 23424
    },
    "LSTM_AE_ewm30": {
      "f1": 0.3863047856526326,
      "precision": 0.347055219422532,
      "recall": 0.4355640994833594,
      "roc_auc": 0.7965723453113545,
      "threshold": 0.02945222441115357,
      "tp": 18126,
      "fp": 34102,
      "tn": 1416488,
      "fn": 23489
    },
    "LSTM_AE_ewm60": {
      "f1": 0.3795667907903708,
      "precision": 0.3368019359642591,
      "recall": 0.4347711161840682,
      "roc_auc": 0.7936849308968406,
      "threshold": 0.028797253938359472,
      "tp": 18093,
      "fp": 35627,
      "tn": 1414963,
      "fn": 23522
    },
    "LSTM_AE_ewm120": {
      "f1": 0.3586432914791124,
      "precision": 0.3043441840205063,
      "recall": 0.436525291361288,
      "roc_auc": 0.7866542753164483,
      "threshold": 0.025542718632260503,
      "tp": 18166,
      "fp": 41523,
      "tn": 1409067,
      "fn": 23449
    },
    "LSTM_AE_ewm300": {
      "f1": 0.2992625045637094,
      "precision": 0.38145941921072224,
      "recall": 0.24620929953141896,
      "roc_auc": 0.7629262624951364,
      "threshold": 0.12543254608167362,
      "tp": 10246,
      "fp": 16614,
      "tn": 1433976,
      "fn": 31369
    },
    "LSTM_AE_rmean10": {
      "f1": 0.38577198086165193,
      "precision": 0.3465765489775599,
      "recall": 0.43496335455965396,
      "roc_auc": 0.7981619629120619,
      "threshold": 0.03016130597516388,
      "tp": 18101,
      "fp": 34127,
      "tn": 1416463,
      "fn": 23514
    },
    "LSTM_AE_rmean30": {
      "f1": 0.3823833423910148,
      "precision": 0.3435322049475377,
      "recall": 0.43114261684488764,
      "roc_auc": 0.7933016434515666,
      "threshold": 0.0291267602766408,
      "tp": 17942,
      "fp": 34286,
      "tn": 1416304,
      "fn": 23673
    }
  },
  "diffusion_enabled": true,
  "digital_twin_health": 100.0,
  "digital_twin_alerts": 0,
  "eda_completed": true,
  "training_note": "Ensemble of Transformer-AE and LSTM-AE",
  "n_features": 190,
  "training_versions": [
    "hai-20.07",
    "hai-21.03",
    "hai-22.04",
    "hai-23.05"
  ]
}