{
  "normal": {
    "mean_mae": 48.29420471191406,
    "std_mae": 1919.1187744140625,
    "corr_sim": 0.11445974534797887
  },
  "attack": {
    "mean_mae": 90.81658935546875,
    "std_mae": 1855.9046630859375,
    "corr_sim": 0.18592687726458101
  },
  "fault": {
    "mean_mae": 352.95404052734375,
    "std_mae": 2410.410400390625,
    "corr_sim": -0.01130526627613504
  }
}