{
  "normal": {
    "mean_mae": 405.634521484375,
    "std_mae": 2675.7548828125,
    "corr_sim": -0.24307415272119104
  },
  "attack": {
    "mean_mae": 567.2003173828125,
    "std_mae": 2677.505126953125,
    "corr_sim": -0.12614885133491405
  },
  "fault": {
    "mean_mae": 379.37261962890625,
    "std_mae": 2753.326416015625,
    "corr_sim": -0.1454864515172647
  }
}