{
  "config": {
    "n_features": 50,
    "feature_names": [
      "P1_FCV01D",
      "P1_TIT02",
      "P1_LCV01Z",
      "P1_LCV01D",
      "P1_FCV03D",
      "P4_ST_LD",
      "P1_PIT01",
      "P2_SCST",
      "P2_SIT01",
      "P2_VT01",
      "P1_PCV01D",
      "P1_FT02",
      "P1_FT02Z",
      "P1_FT03",
      "P1_FT03Z",
      "P1_LIT01",
      "P1_PCV01Z",
      "P1_PIT02",
      "P1_PP04",
      "P1_PP04D",
      "P1_TIT01",
      "P1_TIT03",
      "P2_AutoSD",
      "P2_SCO",
      "P1_FCV01Z",
      "P2_VIBTR01",
      "P2_VIBTR02",
      "P1_FCV02D",
      "P2_VIBTR03",
      "P2_VIBTR04",
      "P3_FIT01",
      "P3_LCP01D",
      "P3_LCV01D",
      "P1_FCV02Z",
      "P3_LIT01",
      "P3_PIT01",
      "P4_LD",
      "P4_ST_GOV",
      "P1_FCV03Z",
      "P4_ST_PO",
      "P4_ST_PT01",
      "P4_HT_PO",
      "P4_ST_TT01",
      "x1001_15_ASSIGN_OUT",
      "x1002_07_SETPOINT_OUT",
      "x1002_08_SETPOINT_OUT",
      "x1003_10_SETPOINT_OUT",
      "P1_FT01",
      "P1_FT01Z",
      "x1003_24_SUM_OUT"
    ],
    "detection_threshold": 0.5
  },
  "baseline": {
    "mean": [
      38.76019287109375,
      35.93688201904297,
      13.689287185668945,
      13.805116653442383,
      52.63080596923828,
      328.04241943359375,
      1.1682429313659668,
      720.439208984375,
      897.8411865234375,
      11.956692695617676,
      27.918254852294922,
      1266.989990234375,
      1864.3258056640625,
      238.28785705566406,
      982.2941284179688,
      349.49273681640625,
      28.383874893188477,
      0.5874884724617004,
      25.71150779724121,
      0.6537666916847229
    ],
    "std": [
      27.80290412902832,
      1.635079264640808,
      2.389481544494629,
      2.391981601715088,
      0.6954585313796997,
      34.49964141845703,
      0.0837630182504654,
      0.26996177434921265,
      15.33956527709961,
      0.046598881483078,
      2.0338590145111084,
      1067.2921142578125,
      1287.316650390625,
      2.3677210807800293,
      5.397863388061523,
      15.508986473083496,
      2.0320112705230713,
      0.35398009419441223,
      16.294015884399414,
      0.47576865553855896
    ]
  },
  "health_score": 100.0,
  "total_alerts": 0,
  "state": {
    "timestamp": "2026-03-12 20:12:13.410004",
    "health_score": 100.0,
    "anomaly_score": 0.1199,
    "is_anomalous": false,
    "active_alerts": [],
    "sensor_values": {
      "P1_FCV01D": 63.5007,
      "P1_TIT02": 36.6882,
      "P1_LCV01Z": 12.3535,
      "P1_LCV01D": 12.4118,
      "P1_FCV03D": 52.5533,
      "P4_ST_LD": 351.2731,
      "P1_PIT01": 1.2338,
      "P2_SCST": 720.6584,
      "P2_SIT01": 908.0,
      "P2_VT01": 11.9371,
      "P1_PCV01D": 29.5709,
      "P1_FT02": 2421.2263,
      "P1_FT02Z": 3140.9521,
      "P1_FT03": 241.127,
      "P1_FT03Z": 988.7696,
      "P1_LIT01": 349.19,
      "P1_PCV01Z": 30.191,
      "P1_PIT02": 0.3908,
      "P1_PP04": 0.3744,
      "P1_PP04D": 0.0
    },
    "top_deviating_sensors": [
      {
        "sensor": "P2_VIBTR03",
        "current_value": 9.696,
        "baseline_mean": 9.0436,
        "z_score": 2.24
      },
      {
        "sensor": "P1_PP04",
        "current_value": 0.3744,
        "baseline_mean": 25.7115,
        "z_score": -1.55
      },
      {
        "sensor": "P2_VIBTR01",
        "current_value": 7.0674,
        "baseline_mean": 6.4643,
        "z_score": 1.5
      },
      {
        "sensor": "P1_PP04D",
        "current_value": 0.0,
        "baseline_mean": 0.6538,
        "z_score": -1.37
      },
      {
        "sensor": "P1_FT03Z",
        "current_value": 988.7696,
        "baseline_mean": 982.2941,
        "z_score": 1.2
      }
    ],
    "alert_count": 0,
    "active_scenario": null,
    "history_length": 1000
  }
}